[
  {
    "id": 1,
    "priority": 1,
    "action": {
      "type": "redirect",
      "redirect": {
        "url": "https://bsky.app"
      }
    },
    "condition": {
      "regexFilter": "^https?://(www\\.)?twitter\\.com(/.*)?$",
      "resourceTypes": ["main_frame"]
    }
  },
  {
    "id": 2,
    "priority": 1,
    "action": {
      "type": "redirect",
      "redirect": {
        "url": "https://bsky.app"
      }
    },
    "condition": {
      "regexFilter": "^https?://(www\\.)?x\\.com(/.*)?$",
      "resourceTypes": ["main_frame"]
    }
  }
]